Track Name,Artist Name,Popularity,Tempo,Energy,Danceability,Liveness,Loudness,Acousticness,Instrumentalness,Speechiness,Valence,Key,Mode,Time Signature,Duration (ms)
MERTHER,Mau P,61,127.965,0.959,0.553,0.342,-5.146,0.00104,0.66,0.0468,0.122,0,Major,4,189405
Ready 2 Go,Shermanology,47,129.043,0.684,0.748,0.0764,-8.375,0.00109,0.00441,0.0533,0.706,11,Minor,4,159070
Percolator - Chris Lake Remix,Green Velvet,46,128.011,0.659,0.866,0.0804,-5.176,0.00333,0.0014,0.0592,0.603,8,Minor,4,199715
Supersonic,Crusy,40,128.084,0.856,0.886,0.187,-2.868,0.00168,0.0474,0.0722,0.117,7,Minor,4,137344
It Feels So Good,Matt Sassari,54,128.007,0.82,0.704,0.261,-5.663,0.0034,0.000134,0.0282,0.84,5,Minor,4,160974
Smells Like Teen Spirit,Piero Pirupa,45,127.985,0.904,0.76,0.227,-5.637,0.00271,0.745,0.051,0.647,9,Major,4,147305
I Like Dancing,AYYBO,50,127.02,0.87,0.858,0.0287,-5.017,0.0101,0.923,0.102,0.933,8,Minor,4,202972
Gasoline,Noizu,39,127.024,0.928,0.794,0.161,-6.136,0.00104,0.617,0.194,0.0352,5,Major,4,187087
Beverly Hills,HÄWK,43,128.021,0.906,0.769,0.129,-6.505,0.0316,0.267,0.0448,0.628,11,Minor,4,141094
Boost Up,FISHER,67,127.95,0.938,0.7,0.15,-6.831,0.000897,0.708,0.0637,0.41,7,Major,4,211899
Crusin,Ssol,37,129.02,0.877,0.826,0.219,-8.494,0.0176,0.0465,0.0765,0.462,7,Minor,4,151053
Lonely Heart,Alesso,59,126.052,0.941,0.661,0.442,-2.528,0.00995,0.362,0.0399,0.469,11,Minor,4,163333
COLLECT THE COMMAS,PAWSA,65,131.022,0.576,0.847,0.339,-9.065,0.221,3.26e-05,0.172,0.772,7,Major,4,221340
Criminals Move In Silence,GENESI,44,127.988,0.898,0.693,0.328,-6.549,0.00858,0.0173,0.0748,0.456,11,Minor,4,153750
Touch,Max Styler,56,128.004,0.931,0.666,0.0668,-5.805,0.00458,0.772,0.0387,0.348,4,Minor,4,165000
Get Busy - Odd Mob Club Mix,Sean Paul,63,132.08,0.942,0.77,0.101,-5.548,0.00472,0.0,0.192,0.615,11,Minor,4,165909
Girl In The Club,Emily Nash,35,128.052,0.853,0.871,0.281,-6.758,0.0388,0.000249,0.206,0.727,11,Major,4,182344
Still My Baby,Cloonee,55,127.996,0.733,0.79,0.138,-7.414,0.0311,0.0418,0.0778,0.761,10,Minor,4,191234
Lose My Number,CHANEY,35,127.029,0.936,0.799,0.0826,-5.523,0.018,0.203,0.166,0.668,2,Major,4,184259
When The Bass Kicks In,Matroda,49,128.007,0.984,0.802,0.0399,-5.432,0.0103,0.837,0.0734,0.43,1,Major,4,193140
Flood,Sebastian Ingrosso,58,134.008,0.899,0.473,0.101,-7.018,0.0145,0.495,0.279,0.16,7,Minor,4,272253
Snus - Tony Romera Remix,Avicii,51,126.005,0.8,0.809,0.0969,-8.795,0.0525,0.851,0.0684,0.122,8,Major,4,179048
Bonkers,Shiba San,39,128.009,0.915,0.762,0.138,-5.476,0.000164,0.847,0.0476,0.28,10,Minor,4,182812
Self Love (feat. Kid Enigma),Ben Kim,29,129.988,0.528,0.845,0.141,-10.197,0.052,0.286,0.101,0.724,11,Minor,4,164524
Sex Sells,SIDEPIECE,43,129.987,0.88,0.714,0.0428,-4.762,0.000557,0.754,0.063,0.628,10,Minor,4,153231
Jet Setter,Dillon Francis,42,134.991,0.708,0.837,0.112,-5.117,0.0154,0.0,0.238,0.413,11,Minor,4,174890
High,Vintage Culture,52,130.002,0.974,0.799,0.0666,-6.517,0.044,0.892,0.0438,0.747,9,Major,4,180923
Dance Naked,Tony Romera,38,128.077,0.845,0.769,0.106,-6.307,0.269,0.909,0.109,0.376,4,Major,4,210938
Pretending (feat. rhys from the sticks),Sarah Story,25,130.012,0.966,0.738,0.35,-5.796,0.000293,0.316,0.107,0.504,7,Major,4,170913
Last Night,Loofy,67,129.014,0.803,0.778,0.328,-7.05,0.0115,0.129,0.069,0.102,11,Major,4,169302
Break The House Down,Laidback Luke,48,129.988,0.901,0.851,0.0733,-4.603,0.0126,0.669,0.0818,0.766,11,Major,4,208731
The Booth,HILLS,38,128.049,0.744,0.879,0.118,-5.746,0.00455,0.00232,0.0481,0.679,1,Minor,4,155918
Shake For Me,Helvig,19,126.998,0.928,0.726,0.0475,-6.771,0.0128,0.637,0.0521,0.202,11,Minor,4,170079
Suite,Tony Dark Eyes,31,128.019,0.938,0.799,0.116,-6.301,0.00243,0.62,0.0626,0.163,8,Minor,4,142031
GETAWAY,Riordan,48,131.953,0.923,0.623,0.065,-5.87,0.0161,0.816,0.11,0.435,1,Major,4,163871
The Point,Glass Petals,29,129.992,0.912,0.791,0.19,-5.754,0.00133,0.619,0.0395,0.351,1,Major,4,208615
TWO-C,DAMANTE,35,128.008,0.855,0.654,0.0747,-5.292,0.000648,0.726,0.0426,0.16,11,Major,4,151992
YES B!TCH (feat. Rome Fortune),DANNY AVILA,57,131.033,0.845,0.772,0.29,-3.839,0.000527,0.000404,0.138,0.298,11,Major,4,153570
Freaky Feed Me,Anti Up,47,130.013,0.888,0.803,0.116,-4.283,0.000674,0.0015,0.119,0.691,6,Minor,4,215192
Deeper,Shiba San,37,128.006,0.908,0.798,0.104,-6.922,0.00945,0.375,0.0627,0.566,10,Minor,4,152162
Work,Sven Fields,34,127.999,0.975,0.738,0.095,-7.159,0.0169,0.394,0.067,0.529,11,Major,4,154903
Papi,NEZ,4,123.999,0.864,0.796,0.104,-8.467,0.00823,0.000306,0.0416,0.188,2,Major,4,135484
Somebody (2024),Gotye,77,130.017,0.629,0.848,0.049,-6.198,0.016,0.18,0.0424,0.586,0,Major,4,153519
My Type,Amal Nemer,23,127.989,0.906,0.676,0.0535,-6.176,0.011,0.682,0.0696,0.773,0,Major,4,210000
Jump N Twist,JADED,37,128.03,0.886,0.714,0.177,-6.4,0.00356,0.0243,0.0494,0.136,1,Major,4,178901
Rhythm,Liquid Rose,32,127.995,0.794,0.787,0.095,-10.374,0.0568,0.821,0.0747,0.732,2,Major,4,151875
spendthenight.,Yuto.,35,128.987,0.851,0.794,0.0806,-6.48,0.0026,0.821,0.0445,0.203,6,Minor,4,135349
TOO COOL TO BE CARELESS,PAWSA,74,128.001,0.781,0.805,0.0598,-7.225,0.002,0.302,0.0434,0.818,1,Minor,4,220000
It's That Time - FISHER Remix,Marlon Hoffstadt,71,130.008,0.978,0.865,0.0766,-4.29,0.00136,0.381,0.0471,0.936,0,Major,4,171717
girl$,Dom Dolla,69,133.987,0.945,0.755,0.862,-5.695,0.00961,0.195,0.0533,0.797,0,Major,4,209552
BLOW (WHITE GIRL IN TOWN) [feat. Kilo Ali],Sosa UK,67,132.021,0.764,0.884,0.106,-6.927,0.0482,0.00123,0.076,0.808,3,Minor,4,145455
7 Seconds (feat. Shamiya Battles) - Radio Edit,James Hype,66,128.049,0.849,0.676,0.278,-7.895,0.112,0.00347,0.1,0.753,10,Minor,4,92227
RIZZ,AYYBO,66,127.044,0.839,0.855,0.32,-5.733,0.0736,0.426,0.153,0.729,7,Major,4,200787
PICK UP THE PHONE (feat. Nate Dogg),PAWSA,71,128.975,0.688,0.811,0.0894,-6.911,0.00876,0.29,0.0747,0.548,10,Major,4,224125
Sippin' Yak,Cloonee,63,126.978,0.764,0.922,0.292,-4.714,0.0527,4.35e-05,0.0964,0.846,9,Major,4,146231
Receipts (feat. Gunna),Diplo,62,130.043,0.905,0.746,0.0866,-6.503,0.193,0.29,0.049,0.33,8,Major,4,234462
4U,Matroda,60,127.978,0.98,0.786,0.0555,-3.92,0.00193,0.866,0.0852,0.517,2,Major,4,180703
Kill The Vibe,David Guetta,60,133.032,0.751,0.937,0.0604,-5.636,0.141,0.0307,0.246,0.541,11,Minor,4,166917
So Hï,KREAM,57,130.0,0.825,0.683,0.264,-6.573,0.00273,0.157,0.0448,0.611,6,Minor,4,212139
BEATS FOR THE UNDERGROUND,Mau P,57,125.99,0.978,0.746,0.112,-4.879,0.0211,0.00939,0.0644,0.659,10,Minor,4,214528
Wild,James Hype,58,130.011,0.94,0.575,0.325,-6.268,0.00173,0.728,0.0369,0.154,6,Major,4,134846
Feel My Needs,WEISS,57,129.995,0.902,0.644,0.331,-8.184,0.00363,0.901,0.0406,0.372,3,Minor,4,150001
Low Rider - Kyle Watson Remix,War,55,129.025,0.924,0.853,0.0701,-4.749,0.0133,0.137,0.0437,0.89,0,Major,4,200789
By Myself (feat. XKYLAR),OMNOM,54,128.01,0.728,0.764,0.0851,-6.014,0.0153,0.604,0.0429,0.347,1,Major,4,138750
"Bitch, Don't Kill My Vibe",Trace,53,128.014,0.925,0.788,0.14,-6.041,0.0211,0.465,0.0662,0.721,1,Major,4,157559
Certified,AYYBO,53,128.039,0.908,0.796,0.366,-4.894,0.0335,0.676,0.0959,0.57,2,Major,4,216094
Mercy,Joshwa,52,130.021,0.815,0.721,0.385,-6.132,0.00597,0.205,0.0342,0.357,0,Major,4,150000
In The Streets,Martin Ikin,51,128.037,0.939,0.714,0.153,-5.485,0.000188,0.492,0.0372,0.611,6,Major,4,127500
On Again,Mau P,57,129.976,0.951,0.61,0.149,-4.659,0.00482,0.0109,0.0665,0.304,0,Minor,4,228000
See You Sweat,Max Styler,51,125.046,0.987,0.676,0.314,-4.289,0.00456,0.628,0.0628,0.549,9,Major,4,209280
Pegao,Cloonee,50,128.037,0.926,0.71,0.055,-5.678,0.0133,0.123,0.0891,0.699,10,Major,4,218813
Bandit - Club Mix,Don Toliver,50,130.001,0.812,0.828,0.195,-5.225,0.00803,0.0134,0.0503,0.311,2,Major,4,179077
All My Friends Are Hot,Jackie Hollander,50,129.989,0.607,0.798,0.267,-7.012,0.00241,0.534,0.0467,0.517,1,Major,4,179077
Horny,San Pacho,50,128.006,0.929,0.667,0.0227,-6.317,0.00172,0.736,0.0532,0.354,1,Major,4,182812
Bump Artist,Sosa UK,49,131.983,0.799,0.812,0.0715,-9.064,0.00323,0.688,0.0665,0.523,0,Major,4,203636
Make U Sweat,Martin Ikin,51,130.027,0.972,0.735,0.292,-3.557,0.0108,0.508,0.0553,0.292,1,Major,4,148731
As The Beat Goes Onnn,Riordan,49,129.994,0.973,0.718,0.0994,-5.078,0.0454,0.774,0.0532,0.894,11,Minor,4,159283
Saving Up - Odd Mob Remix,Dom Dolla,49,134.01,0.899,0.763,0.113,-3.86,0.0268,0.00397,0.0738,0.665,11,Minor,4,193433
So Good - Heat Mix,Blackchild (ITA),49,128.972,0.911,0.625,0.103,-7.991,0.000218,0.173,0.0399,0.49,5,Minor,4,240000
Somedays - Dombresky Remix,Sonny Fodera,49,127.985,0.823,0.686,0.308,-4.555,0.00526,0.126,0.0471,0.52,9,Major,4,197582
Paris,Tom Enzy,49,128.016,0.895,0.68,0.103,-6.351,0.000106,0.803,0.0352,0.396,1,Major,4,146250
In The Yuma (Cloonee's At The Sahara Remix),Chris Lake,48,126.012,0.669,0.836,0.0759,-8.229,0.0343,0.837,0.121,0.532,6,Minor,4,209534
PAPI,Andruss,48,130.006,0.934,0.711,0.173,-7.52,0.00444,0.822,0.0512,0.711,10,Minor,4,155101
FUKINASTY,Amine Edge & DANCE,47,129.993,0.945,0.852,0.0824,-5.527,0.0328,0.249,0.0652,0.599,1,Minor,4,177923
Get Stupid,Joshwa,46,128.998,0.923,0.831,0.091,-7.471,0.0575,0.841,0.0629,0.405,8,Major,4,182326
Needle On The Record,Riordan,48,128.968,0.919,0.792,0.274,-9.028,0.137,0.151,0.0819,0.711,6,Minor,4,186625
Ready For Your Love - Odd Mob Remix,Felix Jaehn,46,133.996,0.808,0.824,0.167,-5.756,0.0043,0.00162,0.138,0.374,2,Major,4,179105
Vibrate,James Hype,46,129.014,0.916,0.777,0.25,-7.353,0.00202,0.43,0.0751,0.622,11,Major,4,134171
Carry Out,Chapter & Verse,46,131.989,0.948,0.682,0.275,-7.529,0.0531,0.000369,0.0483,0.829,1,Minor,4,178500
What Is Life (feat. rhys from the sticks),Anti Up,46,134.025,0.88,0.724,0.0927,-5.46,0.0454,0.0834,0.192,0.69,1,Major,4,343922
Monaco,Blank Sense,46,130.02,0.901,0.756,0.312,-7.517,0.00333,0.66,0.0401,0.183,11,Minor,4,200308
Let's Go Dancing - Matroda Remix,Tiga,45,127.99,0.934,0.782,0.102,-7.072,0.0309,0.00878,0.0681,0.679,6,Major,4,195474
All Night,HUGEL,45,123.991,0.752,0.774,0.0932,-7.868,0.153,0.616,0.0476,0.0735,6,Major,4,177097
Addiction,Max Styler,45,126.98,0.955,0.723,0.378,-5.554,0.00404,0.715,0.0505,0.527,0,Major,4,211654
IBIZA,Tom & Collins,45,125.008,0.802,0.721,0.321,-7.4,0.0271,0.527,0.0418,0.381,2,Major,4,182875
Stolen Dub,TWENTY SIX,45,130.028,0.736,0.848,0.223,-5.886,0.00684,0.473,0.219,0.622,7,Major,4,136615
Voodoo,Biscits,45,128.049,0.606,0.843,0.0638,-8.354,0.117,0.826,0.178,0.764,1,Major,4,185000
212,Wax Motif,45,128.038,0.949,0.764,0.284,-5.869,0.00465,0.53,0.14,0.536,9,Major,4,138750
The Weekend,Anti Up,46,131.989,0.968,0.768,0.0761,-4.226,0.00728,0.267,0.0584,0.823,0,Major,4,178921
Shapeshifter,Kyle Watson,44,129.002,0.834,0.742,0.178,-6.517,0.0227,0.819,0.063,0.542,9,Major,4,190233
Move Your Body,Quarterhead,32,125.14,0.86,0.748,0.495,-5.095,0.00353,0.0151,0.239,0.657,10,Minor,4,148065
Too Hot,Kyle Watson,44,129.005,0.709,0.833,0.278,-5.399,0.00388,0.0491,0.0579,0.458,9,Major,4,195562
MUSIC IS OUR LIFE,DONT BLINK,40,126.021,0.852,0.639,0.117,-7.126,0.0128,0.923,0.0401,0.0559,10,Minor,4,219048
Comeback,BYOR,47,125.015,0.899,0.691,0.1,-5.664,0.00825,0.802,0.0929,0.779,0,Major,4,142080
Treme,Sevek,38,130.018,0.905,0.76,0.354,-6.766,0.000428,0.128,0.057,0.165,1,Minor,4,210327
D.A.N.C.E,Illyus & Barrientos,43,125.986,0.885,0.523,0.373,-7.0,0.000459,0.855,0.0356,0.0928,10,Major,4,157143
Vertigo,Odd Mob,44,127.993,0.902,0.742,0.0687,-5.048,0.0224,0.266,0.0417,0.796,10,Minor,4,148125
Work Tomorrow,Kaysin,40,124.993,0.971,0.776,0.1,-7.631,0.00169,0.65,0.055,0.645,1,Major,4,189120
Shake That Shoulder,NightFunk,39,130.003,0.546,0.871,0.143,-9.312,0.132,0.00404,0.208,0.553,11,Major,4,180923
She Takes,GRD (IT),34,127.019,0.993,0.814,0.057,-6.759,0.0378,0.514,0.0517,0.675,11,Minor,4,154961
Class of '89,Majestic,34,129.988,0.912,0.796,0.336,-5.899,0.000349,0.00121,0.0443,0.691,11,Major,4,164308
Lindos Ojos,Cumbiafrica,40,126.982,0.834,0.667,0.823,-8.067,0.00439,0.0593,0.0392,0.517,1,Minor,4,202205
Eyes,Cat Dealers,45,127.011,0.707,0.885,0.11,-5.79,0.0128,0.135,0.0871,0.635,6,Minor,4,167717
Tu Segredos,Pedroz,33,127.984,0.873,0.772,0.0824,-8.453,0.00311,0.438,0.0495,0.66,7,Major,4,211875
Get Freaky,Nick Bridges,38,124.997,0.985,0.666,0.174,-4.581,0.00511,0.814,0.0446,0.705,0,Major,4,219500
Shaky,San Pacho,42,128.01,0.982,0.815,0.0496,-3.363,0.0451,0.0114,0.11,0.597,11,Minor,4,151875
System Overload,SUBSHIFT,38,128.033,0.959,0.755,0.337,-5.977,0.114,0.634,0.0585,0.587,10,Minor,4,169546
Pa Lante Pa Atra',Kevin Brand,32,126.036,0.919,0.762,0.213,-4.369,0.0306,0.0872,0.0528,0.115,10,Minor,4,188571
Ai Que Saudade D'Oce,Leandro Da Silva,33,130.013,0.706,0.803,0.0606,-7.659,0.00868,0.548,0.0601,0.113,7,Major,4,196154
Back Again,BURNR,36,131.999,0.976,0.716,0.308,-7.462,0.000457,0.778,0.0548,0.528,2,Major,4,227273
No Time,Fsauto,33,128.02,0.87,0.745,0.365,-5.301,0.00689,0.401,0.11,0.32,11,Minor,4,155625
Rock Like This,Valy Mo,34,125.998,0.963,0.787,0.0527,-3.522,0.0038,0.811,0.106,0.813,0,Major,4,128333
CRUEL GROOVE,DONT BLINK,36,126.0,0.971,0.745,0.179,-4.807,0.0017,0.809,0.0465,0.599,2,Major,4,183810
Naughty,Tom Budin,36,129.954,0.915,0.608,0.247,-5.473,0.00721,0.485,0.057,0.377,10,Major,4,181846
Feel Alive,Dawell,35,128.048,0.919,0.623,0.303,-5.95,0.00333,0.221,0.215,0.841,7,Major,4,167576
Drums,Voost,35,128.011,0.91,0.8,0.254,-6.924,0.0119,0.866,0.0788,0.0723,10,Minor,4,221250
Beat Go On,Sage Armstrong,31,130.982,0.973,0.635,0.146,-6.348,0.000351,0.94,0.0445,0.966,2,Major,4,135573
No Tengo Miedo,Dawell,38,128.017,0.938,0.726,0.0687,-4.607,0.00259,0.882,0.0662,0.308,9,Major,4,152344
Cucaracha (Gianluca Vacchi Dark Mix),Gianluca Vacchi,34,127.992,0.972,0.642,0.568,-3.974,0.00414,0.0514,0.0574,0.59,4,Minor,4,153281
Dig It Up,TOYZZ,33,130.003,0.937,0.798,0.105,-8.345,0.00612,0.861,0.0774,0.636,10,Minor,4,159692
Summertime Blues (feat. Nathan Nicholson),Chris Lake,65,130.015,0.875,0.723,0.224,-5.052,0.259,0.0283,0.0605,0.496,1,Minor,4,251201
Formulate,Duke & Jones,37,126.019,0.8,0.807,0.0673,-8.111,0.000489,0.9,0.0538,0.423,9,Major,4,184048
Wait A Minute,Dave Winnel,36,126.018,0.918,0.778,0.086,-7.267,0.0636,0.0513,0.0445,0.269,10,Minor,4,185714
Going Higher,Roxe,34,128.008,0.988,0.673,0.378,-4.64,0.000991,0.719,0.0559,0.581,11,Minor,4,199606
TAKE IT OFF,FISHER,68,127.013,0.707,0.884,0.363,-6.607,0.000502,0.258,0.202,0.582,1,Major,4,194604
Little Perk,Dale Howard,34,127.992,0.867,0.713,0.104,-9.162,0.00283,0.674,0.0795,0.382,4,Minor,4,181289
Duro,Groove Aspect,37,129.973,0.855,0.711,0.148,-5.135,0.00951,0.889,0.0402,0.625,6,Major,4,168000
You Ate That,SQWAD,39,128.011,0.911,0.767,0.0821,-4.109,0.000977,0.122,0.0435,0.766,2,Major,4,196875
Bucky Done Gun,Brett Allen,32,132.945,0.994,0.718,0.252,-5.212,0.00237,0.573,0.0917,0.355,11,Minor,4,136241
Move With Me,Local Singles,33,128.992,0.804,0.8,0.048,-9.736,0.0362,0.192,0.0862,0.759,2,Major,4,165000
Lose Control,James Hype,67,128.011,0.936,0.714,0.244,-3.693,0.0338,0.0239,0.0426,0.243,9,Major,4,173438
El Baile,Tom & Collins,43,126.0,0.98,0.67,0.0621,-5.149,0.00624,0.783,0.0781,0.637,7,Major,4,174881
"More Passion, More Energy",DLMT,33,129.993,0.956,0.801,0.0892,-3.892,0.000817,0.857,0.0602,0.212,7,Major,4,186923
Eat Your Man (with Nelly Furtado),Dom Dolla,66,125.04,0.883,0.738,0.102,-7.989,0.053,0.193,0.0818,0.651,8,Major,4,197165
Wanna Live Large,Niko The Kid,33,125.98,0.944,0.691,0.342,-5.777,0.012,0.435,0.0467,0.587,8,Major,4,205000
Pop That,DJ S.K.T,32,125.011,0.868,0.842,0.392,-6.241,0.00105,0.268,0.0635,0.642,11,Major,4,178560
It's A Vibe,Hollaphonic,35,127.967,0.947,0.654,0.0646,-7.129,0.0134,0.361,0.0535,0.656,11,Minor,4,170875
What I Do,Piero Pirupa,33,126.007,0.932,0.728,0.191,-4.975,0.00627,0.00349,0.0883,0.379,1,Major,4,148571
Goes Like This,Wahlstedt,36,128.018,0.962,0.738,0.282,-5.908,0.151,0.828,0.0547,0.833,8,Major,4,170759
Talamanca,Scissors,34,126.025,0.914,0.808,0.0933,-5.157,4.37e-05,0.823,0.0442,0.169,0,Major,4,171429
Old Skool,MISS DRE,34,128.032,0.992,0.692,0.164,-3.806,0.000689,0.933,0.0724,0.661,1,Major,4,153750
Just Say,Backbenchers,40,126.012,0.87,0.818,0.209,-6.312,0.0113,0.476,0.0662,0.936,1,Minor,4,163234
Pégate,Tom Enzy,43,124.063,0.598,0.737,0.0981,-6.837,0.000728,0.894,0.107,0.205,11,Minor,4,197419
You Talkin',Chapter & Verse,38,127.02,0.93,0.731,0.314,-7.458,0.00417,0.374,0.068,0.871,11,Minor,4,167598
Just Got 2 The Party,Daniel Orpi,34,131.002,0.9,0.795,0.1,-9.835,0.000246,0.926,0.0528,0.632,6,Minor,4,135594
Sweet Escape - Radio Mix,Lahox,38,127.993,0.908,0.777,0.0634,-4.635,0.000893,0.918,0.0453,0.154,1,Major,4,162656
Who's That Girl?,Azzecca,41,129.958,0.853,0.682,0.0605,-5.766,0.00135,0.741,0.0401,0.329,0,Major,4,224357
Sun Is High,Hood Rich,30,124.031,0.992,0.727,0.389,-6.439,0.015,0.497,0.182,0.307,2,Major,4,184762
Shake That,Tom Budin,42,126.009,0.672,0.8,0.0703,-10.88,0.00163,0.765,0.0434,0.912,11,Minor,4,186387
Outta My Mind,Mohtiv,40,127.051,0.786,0.7,0.853,-11.567,0.036,0.237,0.176,0.391,2,Minor,4,139843
Real Furnk,ALISHA,30,130.015,0.723,0.795,0.0822,-10.763,0.0241,0.908,0.0423,0.836,9,Major,4,249231
In The Yuma (feat. Aatig),Chris Lake,63,126.028,0.897,0.83,0.132,-4.796,0.000251,0.779,0.0626,0.936,1,Minor,4,156216
Feel It,DREW (NL),24,128.043,0.986,0.785,0.327,-5.569,0.0005,0.878,0.105,0.69,1,Major,4,183750
Kaku,Södermalm,27,128.016,0.763,0.838,0.0751,-6.157,0.00683,0.00397,0.0509,0.408,5,Major,4,165000
Amnesia,Chapter & Verse,34,124.969,0.926,0.583,0.101,-7.123,0.0781,0.0124,0.0549,0.358,7,Minor,4,204250
Daimonic,Aiwaska,25,123.996,0.981,0.751,0.151,-5.269,0.0159,0.551,0.0567,0.683,4,Minor,4,267097
Your Heart,Gainz,37,128.019,0.939,0.77,0.0858,-5.798,0.00999,0.833,0.0362,0.497,10,Minor,4,216128
the boy is mine,SAKKO,36,123.984,0.919,0.843,0.0532,-3.227,0.163,0.361,0.039,0.963,5,Minor,4,168387
It's a Party (PRX002),Dombresky,37,127.975,0.825,0.836,0.342,-4.338,0.000612,0.175,0.0588,0.679,4,Minor,4,203250
More Baby,Chris Lake,61,126.001,0.871,0.754,0.108,-7.006,0.00119,0.63,0.0564,0.967,11,Major,4,175856
Be The One,Eli Brown,69,135.98,0.932,0.651,0.104,-5.074,0.0053,0.156,0.0419,0.578,0,Major,4,169853
Deep End - SIDEPIECE Remix,John Summit,62,126.007,0.652,0.773,0.44,-9.187,0.143,0.024,0.0807,0.453,11,Minor,4,196687
Fortnight (feat. Post Malone) - BLOND:ISH Remix,Taylor Swift,63,126.99,0.699,0.766,0.082,-7.118,0.0117,0.00241,0.0469,0.465,11,Major,4,216980
Rhyme Dust,MK,66,128.034,0.561,0.925,0.152,-8.675,0.0659,0.0271,0.176,0.721,3,Major,4,181365
My Love (2024),Alex Wann,68,122.028,0.872,0.43,0.119,-7.821,0.118,0.879,0.0522,0.136,1,Major,4,184500
"Red Light Green Light - For Club Play Only, Pt. 6",Duke Dumont,57,124.005,0.825,0.811,0.0689,-5.48,0.000646,0.517,0.0654,0.95,2,Major,4,211209
Your Love - Diplo Remix,The Outfield,62,127.968,0.809,0.682,0.159,-5.508,0.00219,0.284,0.0753,0.499,1,Major,4,155625
Magalenha,Joshwa,56,128.012,0.857,0.779,0.0635,-7.068,0.0033,0.515,0.0706,0.284,4,Minor,4,174375
Weak,Vintage Culture,66,123.034,0.682,0.829,0.091,-8.029,0.0472,0.00848,0.0702,0.451,10,Minor,4,202561
Beggin',Chris Lake,69,125.976,0.691,0.801,0.119,-5.971,0.161,0.298,0.051,0.715,8,Minor,4,183397
On My Mind,Diplo,55,123.026,0.731,0.771,0.217,-6.574,0.00165,0.633,0.0409,0.635,7,Major,4,189268
Touch,Hybrid Minds,57,86.013,0.821,0.582,0.083,-4.304,0.0354,0.121,0.0497,0.0373,9,Major,4,313562
Pretty Green Eyes (Sunset Ibiza Mix),KETTAMA,57,142.988,0.927,0.599,0.156,-2.541,0.00478,0.063,0.124,0.462,1,Major,4,258682
Why I Love You So,Alok,57,124.07,0.911,0.714,0.456,-5.553,0.0584,0.0272,0.0583,0.107,9,Minor,4,173997
Oi Oi Oi,Dubdogz,55,126.99,0.557,0.883,0.0601,-7.978,0.0477,0.561,0.083,0.637,8,Major,4,137953
A Milli - SIDEPIECE Remix,Lil Wayne,58,128.004,0.929,0.838,0.0662,-4.086,0.000217,0.0178,0.0401,0.593,1,Major,4,153750
Vent,NOIT,64,126.183,0.583,0.897,0.162,-9.584,0.0295,0.00117,0.376,0.954,3,Minor,4,176898
Jamming - FISHER Rework,Bob Marley & The Wailers,67,126.011,0.892,0.851,0.0594,-6.869,0.000118,0.104,0.091,0.604,11,Minor,4,201929
On My Mind,Disciples,54,122.056,0.893,0.741,0.0371,-2.549,0.0435,3.19e-05,0.0384,0.733,0,Minor,4,185846
Brighter Days - Marco Lys Remix,Cajmere,55,125.995,0.876,0.77,0.0906,-6.383,0.00884,0.37,0.0465,0.0891,7,Major,4,382857
Family Affair (Dance For Me),David Guetta,64,124.023,0.726,0.869,0.107,-5.654,0.0784,0.0,0.0459,0.343,11,Minor,4,158391
Losing It,FISHER,70,125.003,0.964,0.76,0.0975,-5.844,0.00181,0.703,0.0577,0.643,2,Major,4,248036
Never Walk Alone,BLOND:ISH,71,129.995,0.594,0.853,0.0469,-6.823,0.052,0.134,0.0371,0.83,6,Minor,4,188360
Set Me Free (feat. Robert Courtois),Nic Fanciulli,55,128.02,0.944,0.717,0.0664,-5.043,0.0025,0.129,0.035,0.436,7,Major,4,150219
Move,Adam Port,87,119.992,0.782,0.727,0.225,-8.529,0.0563,0.336,0.042,0.655,8,Minor,4,177599
No Boys Allowed - OG House Mix,Mochakk,56,128.008,0.577,0.876,0.0718,-7.442,0.00364,0.683,0.112,0.43,4,Minor,4,352500
Sideways,Gordo,71,121.843,0.57,0.655,0.105,-11.475,0.527,0.43,0.0487,0.487,5,Minor,4,253770
Get Busy - Odd Mob Club Mix,Sean Paul,62,132.08,0.942,0.77,0.101,-5.548,0.00472,0.0,0.192,0.615,11,Minor,4,165909
Saving Up,Dom Dolla,71,129.994,0.822,0.747,0.165,-6.373,0.00353,0.132,0.0721,0.578,3,Minor,4,207514
Blue Berries,Sem Jacobs,63,128.041,0.911,0.748,0.284,-6.354,0.000483,0.251,0.0489,0.825,0,Major,4,170008
No Bad Vibes,Jazzy,66,120.016,0.873,0.65,0.104,-5.078,0.0125,0.0397,0.0454,0.582,9,Minor,4,162100
How You Feel (Ft. Leven Kali),ANOTR,69,127.997,0.665,0.71,0.1,-7.103,0.191,0.0111,0.0362,0.487,6,Minor,4,196853
Drums (Feat. Kim Petras),James Hype,68,128.014,0.827,0.792,0.096,-5.382,0.0178,0.00326,0.0363,0.47,5,Minor,4,152400
The Parade,Joel Corry,57,124.04,0.886,0.793,0.296,-5.071,0.000755,0.878,0.0445,0.285,10,Minor,4,158725
Atmosphere,FISHER,58,125.979,0.895,0.762,0.203,-4.562,0.00618,0.145,0.0737,0.755,8,Major,4,182857
New Bottega,Torren Foot,67,127.001,0.948,0.888,0.24,-5.658,0.068,0.00357,0.189,0.51,0,Major,4,188916
Do It To It,ACRAZE,75,124.927,0.806,0.854,0.0703,-8.262,0.0209,0.0542,0.0886,0.637,11,Minor,4,157890
ur shadows,Gin and Sonic,18,171.912,0.754,0.707,0.0822,-4.812,0.343,2.37e-06,0.0495,0.611,0,Major,4,163396
Opened Up My Soul,Mr. Belt & Wezol,58,127.027,0.885,0.714,0.142,-5.024,0.146,0.61,0.0413,0.851,5,Minor,4,140060
Find The Way,Peggy Gou,61,131.005,0.894,0.688,0.118,-6.941,0.00465,0.732,0.0398,0.964,0,Minor,4,237160
Gimme That Bounce,Mau P,61,126.045,0.96,0.801,0.0985,-5.534,0.0284,0.877,0.264,0.101,8,Major,4,217411
The Glow,Gin and Sonic,15,75.045,0.736,0.43,0.0931,-5.445,0.0694,0.0,0.064,0.225,2,Major,4,158224
Some People Say - Radio Edit,Semedo,54,120.013,0.797,0.873,0.398,-5.488,0.00829,0.00108,0.085,0.557,0,Major,4,177432
Happier (feat. Clementine Douglas),The Blessed Madonna,70,126.056,0.831,0.785,0.086,-3.681,0.0038,0.0105,0.0444,0.673,0,Major,4,170359
Amana,Maz,61,122.993,0.748,0.722,0.133,-10.23,0.0427,0.92,0.0445,0.164,7,Major,4,338211
I Kissed A Girl,Gin and Sonic,13,139.968,0.857,0.692,0.0843,-6.906,0.0719,0.0188,0.0365,0.162,0,Major,4,210547
Under The Moonlight,Gin and Sonic,19,126.005,0.708,0.704,0.0904,-6.187,0.598,0.291,0.0359,0.65,6,Major,4,153992
Belly Dancer,Imanbek,77,121.985,0.797,0.845,0.167,-4.984,0.0582,5.57e-06,0.139,0.422,1,Major,4,151475
Baddy On The Floor,Jamie xx,60,124.024,0.877,0.652,0.186,-6.281,0.00307,0.699,0.0339,0.562,6,Minor,4,222316
Make Me - Franky Rizardo Remix,Borai & Denham Audio,60,129.973,0.727,0.686,0.0622,-8.071,0.00026,0.00659,0.0417,0.606,6,Major,4,195693
i feel like,Gin and Sonic,13,123.995,0.664,0.839,0.131,-7.749,0.659,0.0207,0.0343,0.566,1,Major,4,206446
Miracle (with Ellie Goulding) - Mau P Remix,Calvin Harris,57,128.005,0.943,0.642,0.155,-6.87,0.00134,0.085,0.0519,0.44,8,Major,4,217734
Desire,Chris Stussy,59,133.971,0.792,0.728,0.108,-8.754,0.013,0.903,0.04,0.679,6,Minor,4,171953
RADIOACTIVE,Gin and Sonic,19,140.073,0.797,0.664,0.188,-7.05,0.0382,6.19e-05,0.0938,0.208,9,Major,4,120581
Somedays,Sonny Fodera,78,127.926,0.753,0.671,0.177,-6.045,0.019,1.29e-05,0.0298,0.543,4,Minor,4,207168
in2minds,Chris Lake,58,136.045,0.914,0.707,0.295,-6.851,0.00314,0.809,0.101,0.619,9,Major,4,201979
Voodoo,Gorgon City,55,129.042,0.884,0.663,0.145,-6.545,0.204,0.573,0.0564,0.251,6,Minor,4,213800
EAT THE BASS,John Summit,56,127.982,0.787,0.697,0.175,-6.991,0.00282,0.00502,0.0524,0.383,0,Major,4,202500
dance 2nite,Gin and Sonic,23,173.696,0.836,0.608,0.0817,-3.605,0.484,0.0,0.0473,0.702,9,Major,4,184085
Relax My Eyes,ANOTR,74,131.975,0.616,0.747,0.143,-9.76,0.176,0.116,0.0324,0.908,3,Minor,4,192151
Too Late For Love,Gin and Sonic,15,104.953,0.801,0.725,0.0652,-5.11,0.0309,0.0,0.0798,0.696,7,Major,4,236669
Circulate,SELCO (BE),24,130.022,0.925,0.608,0.102,-4.982,0.0258,0.784,0.0917,0.324,4,Minor,4,127056
Boom Box,MistaJam,25,132.989,0.952,0.646,0.327,-4.79,0.000869,0.889,0.156,0.266,7,Major,4,160597
The Sound,R3WIRE,26,125.983,0.954,0.641,0.307,-4.749,0.00085,0.909,0.0402,0.0372,9,Major,4,198214
Thriller,Eric Remy,1,128.01,0.745,0.793,0.0403,-5.63,0.000689,0.907,0.0591,0.78,1,Major,4,199219
Hit The Spot,VASA,6,126.982,0.711,0.849,0.256,-9.805,0.00799,0.18,0.183,0.555,11,Minor,4,138181
Your Soul - Radio Edit,Sebastian Frank,8,128.016,0.961,0.844,0.101,-3.651,0.0084,0.618,0.152,0.778,4,Minor,4,241716
Bobba,Jay Dunham,8,125.021,0.777,0.85,0.115,-7.353,0.043,0.843,0.0878,0.69,9,Major,4,197760
Lollipop,Lucci Minati,30,130.039,0.851,0.804,0.38,-7.426,0.0168,0.0265,0.0781,0.821,9,Major,4,186462
Droppin It,Valy Mo,18,127.965,0.918,0.784,0.238,-5.697,0.00965,0.121,0.106,0.379,0,Major,4,172617
The Telly,Alan Shi,10,138.01,0.941,0.79,0.0603,-9.982,8.37e-05,0.879,0.0725,0.795,7,Major,4,285217
Tremenda - Original Mix,Merk (ITA),20,127.002,0.784,0.836,0.0786,-9.609,0.0918,0.0273,0.0759,0.353,7,Major,4,337323
Pick Up The Mic,GUI2IN,33,128.039,0.945,0.657,0.168,-7.676,0.00425,0.751,0.0929,0.362,11,Minor,4,181128
Omertà,KARBON,29,128.009,0.876,0.86,0.4,-4.501,0.066,0.0169,0.137,0.306,1,Major,4,182655
BBFU - Radio Edit,Lucas Sillar,12,124.918,0.685,0.922,0.0629,-7.903,0.00227,0.000595,0.396,0.67,10,Minor,4,157530
Vacilar,JAKE,14,126.975,0.771,0.797,0.0637,-8.315,0.00961,0.327,0.0553,0.605,4,Minor,4,298583
Keep Lovin',D-Dos (NL),16,127.996,0.899,0.801,0.0735,-9.24,0.00201,0.759,0.0487,0.889,1,Minor,4,187500
Can U Move - Original Mix,Merk (ITA),14,126.99,0.566,0.807,0.0292,-6.626,0.000476,0.822,0.0549,0.615,9,Major,4,363000
Pump It,Gekto,19,125.004,0.899,0.8,0.086,-6.092,0.000835,0.541,0.0749,0.706,11,Minor,4,276481
Rhythm Of Your Soul,Hako,34,129.021,0.884,0.742,0.0435,-7.365,0.016,0.188,0.0511,0.478,1,Major,4,174036
Gettin Hawt,Gold Lemonade,32,129.011,0.937,0.626,0.23,-5.788,0.0329,0.247,0.0791,0.486,0,Major,4,186279
Funky Soul,RHINO,27,130.008,0.929,0.784,0.946,-6.215,0.00159,0.7,0.0618,0.784,2,Major,4,240048
Ziggy,Paulik,24,128.009,0.988,0.791,0.113,-6.683,0.0119,0.795,0.0502,0.372,1,Major,4,198750
K-Rico,Cheery-O,28,126.01,0.944,0.801,0.252,-7.128,0.00686,0.78,0.055,0.592,0,Major,4,186667
Berlin - Miiinasan Remixxx,Antonio Liranzo,5,134.977,0.834,0.844,0.906,-4.873,0.002,0.828,0.0867,0.361,11,Major,4,220505
Funky Trumpets - Radio Mix,Esteban Angel,18,128.01,0.991,0.796,0.0693,-7.508,0.00441,0.87,0.0563,0.939,2,Major,4,217500
Houz Muzik,WIN WIN,33,128.017,0.949,0.777,0.0975,-6.772,0.00836,0.468,0.0536,0.767,7,Major,4,204844
Express Yourself,Bismu,14,125.013,0.68,0.814,0.273,-6.026,7.48e-05,0.89,0.0515,0.567,11,Minor,4,253180
The Drummer,Cheery-O,22,125.983,0.906,0.827,0.177,-6.58,0.00701,0.871,0.0968,0.309,1,Major,4,171429
Got To Be There,BNM,18,125.991,0.875,0.829,0.158,-5.896,0.0519,0.882,0.0754,0.711,10,Minor,4,162099
La Playa,Stanley Kubrix,13,129.003,0.963,0.794,0.0747,-8.655,0.000933,0.87,0.0512,0.685,6,Minor,4,208372
Blow Your Mind,Smith & Sorren,29,130.012,0.983,0.797,0.0399,-4.259,0.0131,0.679,0.0469,0.943,7,Major,4,180923
No Bammer,Stanley Kubrix,13,126.995,0.949,0.815,0.0813,-7.487,0.00321,0.4,0.0732,0.913,6,Minor,4,302362
Here We Go,FAKERS,25,124.994,0.822,0.785,0.21,-8.205,0.0438,0.634,0.0623,0.168,11,Minor,4,184320
Push That Pedal,Cazztek,37,128.019,0.929,0.704,0.0456,-5.187,0.01,0.0193,0.0383,0.407,8,Major,4,204844
ATTENTION,ROSEDRiiVE,32,125.96,0.91,0.808,0.155,-7.443,0.00542,0.359,0.0561,0.888,11,Major,4,236915
Do It All Again,Brandew,16,126.015,0.932,0.803,0.393,-6.212,0.00271,0.749,0.0575,0.792,9,Major,4,173338
Medellin,Paddy Barry,24,128.041,0.908,0.736,0.0501,-5.21,0.000508,0.845,0.0424,0.477,2,Major,4,183750
Club is Free,Pandamonium,21,127.98,0.946,0.7,0.232,-5.664,0.00185,0.701,0.0532,0.83,11,Minor,4,129375
Subsonic,MAKJ,29,132.024,0.948,0.743,0.0942,-4.37,0.0381,0.834,0.0829,0.0617,0,Minor,4,209091
TILL DA MORNING,Alex Lyng,21,128.011,0.619,0.814,0.334,-7.919,0.106,0.0263,0.0657,0.54,11,Minor,4,167817
HOT FOR A MINUTE,ROSEDRiiVE,29,125.998,0.863,0.775,0.306,-7.796,0.0725,0.0182,0.0644,0.946,8,Major,4,203814
Hypnotized,MYLO,20,125.062,0.791,0.822,0.326,-4.594,0.0323,0.0232,0.0771,0.563,2,Minor,4,169920
CLOSER,BOMBAYS,33,128.046,0.893,0.714,0.309,-6.321,0.00315,0.242,0.0724,0.236,11,Minor,4,169687
The Power,Mason Flint,32,128.009,0.935,0.735,0.321,-5.559,0.0129,0.0111,0.0816,0.513,2,Major,4,198721
Burnin',Noizu,45,128.004,0.925,0.711,0.324,-3.853,0.00516,0.113,0.0965,0.349,1,Major,4,190781
Gimme That Bass,Leopard Step,23,125.981,0.955,0.792,0.06,-5.057,0.000888,0.829,0.0661,0.46,9,Major,4,260580
Falling (Dance Like you),CashLot,12,126.004,0.736,0.783,0.0916,-5.9,0.000505,0.614,0.0461,0.477,6,Major,4,244048
Lights Out,Contraband,18,126.038,0.951,0.696,0.0536,-3.835,0.00227,0.000104,0.0546,0.235,11,Minor,4,175744
Look Back,SINO,28,128.003,0.946,0.663,0.307,-6.083,0.0915,0.326,0.0427,0.524,7,Major,4,232500
You Know,Esse.,12,126.013,0.908,0.809,0.0363,-6.97,0.00054,0.831,0.0566,0.605,7,Major,4,230476
Clear My Mind - Radio Mix,EHJ,14,127.027,0.687,0.799,0.0592,-9.138,0.022,0.0733,0.0584,0.363,2,Major,4,198898
King Of The Streets,POTAITO,15,126.963,0.868,0.734,0.101,-6.231,0.0372,0.847,0.0679,0.495,2,Major,4,200315
From The Top,Soshy,25,127.996,0.826,0.821,0.0629,-7.125,0.000255,0.207,0.057,0.838,0,Major,4,195000
Turn It Up,Richy Sala,13,126.003,0.924,0.743,0.251,-4.206,0.00826,0.599,0.0602,0.726,2,Major,4,129048
Time,Dom Ryan,17,123.996,0.879,0.727,0.344,-4.546,0.00376,0.486,0.0327,0.219,5,Minor,4,210968
Drop This - Radio Edit,Xavi Sierra,11,123.99,0.882,0.757,0.0264,-5.778,0.000271,0.623,0.0738,0.812,4,Minor,4,193547
Jumpin' Jumpin',BNM,21,128.041,0.885,0.756,0.192,-6.224,0.0533,0.202,0.0488,0.885,0,Major,4,175282
Late Night Lovers,Notorious Lynch,12,126.009,0.912,0.794,0.0292,-6.978,0.00297,0.634,0.103,0.715,9,Major,4,278308
BOUT TO GO DUMB AGAIN,FAED,22,126.998,0.838,0.803,0.351,-6.523,0.0905,0.0438,0.0646,0.732,1,Major,4,142677
Move Your Body,Raffee,12,125.007,0.987,0.788,0.0602,-5.213,0.000107,0.855,0.0933,0.515,5,Minor,4,318725
The Noise,Makla,29,128.051,0.922,0.782,0.442,-5.647,0.00332,0.159,0.184,0.491,1,Major,4,196173
When You're Gone,Dyce,15,126.059,0.973,0.652,0.178,-4.326,0.124,0.461,0.0529,0.728,0,Major,4,157259
Push Dat,Icarix,16,125.035,0.803,0.824,0.0993,-6.221,0.0104,0.219,0.241,0.529,1,Major,4,154194
Deep Breath,Antonio Rec,11,131.013,0.625,0.793,0.0992,-8.404,0.00368,0.266,0.0617,0.24,2,Major,4,266130
Warehouse Tool,Husko,11,131.976,0.991,0.654,0.126,-4.482,0.00859,0.315,0.0674,0.433,7,Minor,4,294545
Tra,Angel Bernal,12,129.952,0.91,0.751,0.348,-6.74,0.0274,0.000158,0.291,0.726,0,Minor,4,179096
4:44 AM,Cizzzla,28,128.008,0.924,0.773,0.168,-7.746,0.236,0.000138,0.058,0.688,11,Major,4,140625
Dirty Secret,Cizzzla,16,128.012,0.814,0.801,0.214,-8.564,0.000948,0.702,0.0486,0.587,9,Major,4,167578
Melody,Bessey,12,127.998,0.968,0.674,0.202,-5.739,0.00311,0.00331,0.0754,0.356,2,Major,4,166406
Lowkey - Original Mix,Joel Sanchz,9,129.007,0.829,0.801,0.0745,-10.241,0.0018,0.854,0.0645,0.218,7,Major,4,329302
Now Do It.,Delirean,17,126.003,0.918,0.783,0.169,-7.71,0.000812,0.88,0.0595,0.583,9,Minor,4,163948
Dress Code,Mau P,43,128.015,0.94,0.716,0.0807,-5.443,0.00799,0.728,0.0539,0.737,1,Major,4,203438
Take Me Away,Frontal Roast,29,126.005,0.964,0.692,0.0852,-6.566,0.00523,0.838,0.0469,0.457,8,Minor,4,217152
Main Attraction,R3WIRE,18,126.027,0.989,0.649,0.349,-5.103,0.0509,0.681,0.0662,0.61,5,Minor,4,181905
My Life - VIP Mix,Wave City Bay,10,128.012,0.933,0.796,0.0409,-4.292,0.000137,0.503,0.0621,0.837,7,Major,4,286875
Everything You Have Done - Meduza Edit,GENESI,56,124.989,0.935,0.678,0.198,-6.382,0.0459,0.202,0.0592,0.485,2,Major,4,156218
Want 2 Feel,Spin Off,22,126.015,0.856,0.702,0.0963,-5.3,0.000698,0.79,0.0388,0.692,6,Major,4,161907
On The Ground,James Hype,38,128.013,0.875,0.915,0.0803,-5.411,0.00124,0.832,0.0813,0.249,7,Major,4,142983
I Can See,Oscar Jamo,12,125.034,0.865,0.821,0.0614,-5.209,0.116,0.102,0.0531,0.262,8,Minor,4,147840
Number 1,James Hype,59,129.984,0.969,0.707,0.0913,-5.181,0.129,0.876,0.0882,0.251,9,Major,4,145200
Let's Go Back,FREEZE,11,125.994,0.983,0.801,0.0924,-5.376,0.00428,0.829,0.0408,0.918,1,Major,4,201905
Trust Issues,Tita Lau,31,129.994,0.963,0.658,0.0667,-7.087,0.00513,0.389,0.0487,0.373,0,Major,4,141781
BEAT,Will Taylor (UK),12,127.996,0.808,0.804,0.0998,-7.849,0.00772,0.487,0.0581,0.851,1,Major,4,333750
Fuimos,Diloco,12,123.98,0.875,0.804,0.288,-7.411,0.0337,0.143,0.0702,0.732,1,Minor,4,181935
Frikitona,Andruss,0,127.991,0.964,0.787,0.0465,-6.34,0.0838,0.176,0.0639,0.719,6,Minor,4,174375
My Church (feat. LIINKS),Jay Robinson,22,126.011,0.924,0.658,0.227,-6.477,0.367,0.000682,0.0784,0.327,3,Major,4,145670
Mind Made,Mason Flint,14,129.997,0.933,0.653,0.531,-5.312,0.000765,0.815,0.0364,0.722,0,Major,4,151385
Helicopter,James Hype,35,123.009,0.884,0.828,0.147,-7.506,0.269,0.793,0.226,0.222,6,Major,4,145475
Satisfy,Max Styler,38,130.022,0.729,0.665,0.0772,-5.382,0.00533,0.789,0.0898,0.232,5,Major,4,184615
Opium,Disaia,22,129.006,0.946,0.796,0.107,-6.185,0.00077,0.936,0.0521,0.326,10,Minor,4,147926
My Body,Flashmob,21,127.947,0.927,0.698,0.334,-6.605,0.00133,0.825,0.0998,0.0605,9,Major,4,175547
Think About It,Truth x Lies,25,127.004,0.948,0.793,0.103,-6.542,0.0971,0.888,0.0648,0.388,1,Major,4,199750
Cyclone,Needs No Sleep,17,127.001,0.952,0.737,0.0702,-4.616,0.00152,0.3,0.0491,0.65,2,Major,4,156969
LEFT TO RIGHT (JADED Remix),Odd Mob,17,127.991,0.984,0.601,0.043,-7.074,0.0259,0.852,0.0666,0.457,2,Major,4,176376
